<?xml version="1.0" encoding="UTF-8"?><feed xmlns="http://www.w3.org/2005/Atom"><id>urn:iweb:0ECD312E-996A-420D-B078-B74C1BCFF836</id><title>Page list Atom feed</title><updated>2008-08-28T01:37:18-04:00</updated><link rel="self" href="feed.xml"/><generator>iWeb</generator><author><name>iWeb</name></author><entry><id>urn:iweb:A4F2D0AE-CC90-464B-98EB-724299379D69</id><title>Home</title><title xmlns="urn:iweb:">Home</title><in-navbar xmlns="urn:iweb:">A4F2D0AE-CC90-464B-98EB-724299379D69</in-navbar><link rel="alternate" href="Home.html"/><updated>2008-08-28T01:37:18.001-04:00</updated><content>Home</content></entry><entry><id>urn:iweb:3DF1F7E0-A9E2-44D1-A973-CB83C710A968</id><title>About  Us</title><title xmlns="urn:iweb:">About  Us</title><in-navbar xmlns="urn:iweb:">3DF1F7E0-A9E2-44D1-A973-CB83C710A968</in-navbar><link rel="alternate" href="About__Us.html"/><updated>2008-08-28T01:37:18.002-04:00</updated><content>About  Us</content></entry><entry><id>urn:iweb:2232E3A3-1C63-4924-B0D3-E8625A521AB5</id><title>Our Services</title><title xmlns="urn:iweb:">Our Services</title><in-navbar xmlns="urn:iweb:">2232E3A3-1C63-4924-B0D3-E8625A521AB5</in-navbar><link rel="alternate" href="Our_Services.html"/><updated>2008-08-28T01:37:18.003-04:00</updated><content>Our Services</content></entry><entry><id>urn:iweb:CB8B2B5D-21E4-45A5-8CFD-4CEE18B07013</id><title>Our Packages</title><title xmlns="urn:iweb:">Our Packages</title><in-navbar xmlns="urn:iweb:">CB8B2B5D-21E4-45A5-8CFD-4CEE18B07013</in-navbar><link rel="alternate" href="Our_Packages.html"/><updated>2008-08-28T01:37:18.004-04:00</updated><content>Our Packages</content></entry></feed>